{
  "head": {
    "optimistic": {
      "count": 4097.0,
      "adjusted_inverse_harmonic_mean_rank": 0.00015838627835349493,
      "z_arithmetic_mean_rank": 6.831078359748872,
      "variance": 24313949.422726966,
      "z_geometric_mean_rank": 6.4886604217236155,
      "inverse_arithmetic_mean_rank": 0.00012417562027343854,
      "inverse_median_rank": 0.0001258970162407151,
      "harmonic_mean_rank": 1315.7075832452554,
      "adjusted_arithmetic_mean_rank": 0.9383871462302839,
      "adjusted_geometric_mean_rank_index": 0.10120560756490049,
      "median_absolute_deviation": 6309.955041959842,
      "inverse_geometric_mean_rank": 0.000176133359641825,
      "arithmetic_mean_rank": 8053.110568708811,
      "median_rank": 7943.0,
      "inverse_harmonic_mean_rank": 0.000760047302861516,
      "standard_deviation": 4930.9177059374015,
      "geometric_mean_rank": 5677.516184518051,
      "adjusted_arithmetic_mean_rank_index": 0.061620034032223825,
      "z_inverse_harmonic_mean_rank": 1.036899658337302,
      "hits_at_1": 0.0,
      "hits_at_3": 0.000488162069807176,
      "hits_at_5": 0.000488162069807176,
      "hits_at_10": 0.000732243104710764,
      "z_hits_at_k": 0.396764219882884,
      "adjusted_hits_at_k": 0.0001496697061274245
    },
    "realistic": {
      "count": 4097.0,
      "adjusted_inverse_harmonic_mean_rank": 0.00015838422606606248,
      "z_arithmetic_mean_rank": 6.831011774762388,
      "variance": 24313956.0,
      "z_geometric_mean_rank": 6.488557052658237,
      "inverse_arithmetic_mean_rank": 0.00012417553807608783,
      "inverse_median_rank": 0.0001258970150956884,
      "harmonic_mean_rank": 1315.711181640625,
      "adjusted_arithmetic_mean_rank": 0.938387746793009,
      "adjusted_geometric_mean_rank_index": 0.10120399528618884,
      "median_absolute_deviation": 6309.955078125,
      "inverse_geometric_mean_rank": 0.00017613304953556508,
      "arithmetic_mean_rank": 8053.11572265625,
      "median_rank": 7943.0,
      "inverse_harmonic_mean_rank": 0.0007600452518090606,
      "standard_deviation": 4930.91845703125,
      "geometric_mean_rank": 5677.5263671875,
      "adjusted_arithmetic_mean_rank_index": 0.06161943339951004,
      "z_inverse_harmonic_mean_rank": 1.0368862227281097,
      "hits_at_1": 0.0,
      "hits_at_3": 0.000488162069807176,
      "hits_at_5": 0.000488162069807176,
      "hits_at_10": 0.000732243104710764,
      "z_hits_at_k": 0.396764219882884,
      "adjusted_hits_at_k": 0.0001496697061274245
    },
    "pessimistic": {
      "count": 4097.0,
      "adjusted_inverse_harmonic_mean_rank": 0.0001583822268470392,
      "z_arithmetic_mean_rank": 6.83093645959039,
      "variance": 24313959.63960628,
      "z_geometric_mean_rank": 6.488483389290764,
      "inverse_arithmetic_mean_rank": 0.00012417545091040124,
      "inverse_median_rank": 0.0001258970162407151,
      "harmonic_mean_rank": 1315.7145925700797,
      "adjusted_arithmetic_mean_rank": 0.938388426097569,
      "adjusted_geometric_mean_rank_index": 0.10120284633627064,
      "median_absolute_deviation": 6309.955041959842,
      "inverse_geometric_mean_rank": 0.0001761328186311953,
      "arithmetic_mean_rank": 8053.121552355382,
      "median_rank": 7943.0,
      "inverse_harmonic_mean_rank": 0.00076004325379308,
      "standard_deviation": 4930.9187419391,
      "geometric_mean_rank": 5677.533623611061,
      "adjusted_arithmetic_mean_rank_index": 0.06161875401578498,
      "z_inverse_harmonic_mean_rank": 1.0368731345392606,
      "hits_at_1": 0.0,
      "hits_at_3": 0.000488162069807176,
      "hits_at_5": 0.000488162069807176,
      "hits_at_10": 0.000732243104710764,
      "z_hits_at_k": 0.396764219882884,
      "adjusted_hits_at_k": 0.0001496697061274245
    }
  },
  "tail": {
    "optimistic": {
      "count": 4097.0,
      "adjusted_inverse_harmonic_mean_rank": 9.01796662921288e-05,
      "z_arithmetic_mean_rank": 6.3618172306081675,
      "variance": 24268455.460681237,
      "z_geometric_mean_rank": 5.959459194837848,
      "inverse_arithmetic_mean_rank": 0.0001235153027983527,
      "inverse_median_rank": 0.00012629451881788332,
      "harmonic_mean_rank": 1446.2827399160562,
      "adjusted_arithmetic_mean_rank": 0.9426197684853906,
      "adjusted_geometric_mean_rank_index": 0.09295158585946017,
      "median_absolute_deviation": 6302.542030867314,
      "inverse_geometric_mean_rank": 0.0001743854491571203,
      "arithmetic_mean_rank": 8096.16280205028,
      "median_rank": 7918.0,
      "inverse_harmonic_mean_rank": 0.0006914277356708558,
      "standard_deviation": 4926.302412629703,
      "geometric_mean_rank": 5734.423398474065,
      "adjusted_arithmetic_mean_rank_index": 0.05738691295616716,
      "z_inverse_harmonic_mean_rank": 0.5906211054376205,
      "hits_at_1": 0.0,
      "hits_at_3": 0.000244081034903588,
      "hits_at_5": 0.000244081034903588,
      "hits_at_10": 0.000488162069807176,
      "z_hits_at_k": -0.24946799118138197,
      "adjusted_hits_at_k": -9.406641702143764e-05
    },
    "realistic": {
      "count": 4097.0,
      "adjusted_inverse_harmonic_mean_rank": 9.017954695202026e-05,
      "z_arithmetic_mean_rank": 6.361731627245774,
      "variance": 24268466.0,
      "z_geometric_mean_rank": 5.959345878861001,
      "inverse_arithmetic_mean_rank": 0.000123515201266855,
      "inverse_median_rank": 0.00012629451521206647,
      "harmonic_mean_rank": 1446.282958984375,
      "adjusted_arithmetic_mean_rank": 0.9426205405825091,
      "adjusted_geometric_mean_rank_index": 0.09294981843402672,
      "median_absolute_deviation": 6302.5419921875,
      "inverse_geometric_mean_rank": 0.0001743851025821641,
      "arithmetic_mean_rank": 8096.16943359375,
      "median_rank": 7918.0,
      "inverse_harmonic_mean_rank": 0.0006914276164025068,
      "standard_deviation": 4926.3037109375,
      "geometric_mean_rank": 5734.4345703125,
      "adjusted_arithmetic_mean_rank_index": 0.05738614076914461,
      "z_inverse_harmonic_mean_rank": 0.5906203238336327,
      "hits_at_1": 0.0,
      "hits_at_3": 0.000244081034903588,
      "hits_at_5": 0.000244081034903588,
      "hits_at_10": 0.000488162069807176,
      "z_hits_at_k": -0.24946799118138197,
      "adjusted_hits_at_k": -9.406641702143764e-05
    },
    "pessimistic": {
      "count": 4097.0,
      "adjusted_inverse_harmonic_mean_rank": 9.017938210572273e-05,
      "z_arithmetic_mean_rank": 6.361650242283204,
      "variance": 24268474.392840713,
      "z_geometric_mean_rank": 5.959358171913351,
      "inverse_arithmetic_mean_rank": 0.0001235151054421654,
      "inverse_median_rank": 0.00012629451881788332,
      "harmonic_mean_rank": 1446.2833340011614,
      "adjusted_arithmetic_mean_rank": 0.9426212746318893,
      "adjusted_geometric_mean_rank_index": 0.092950010172685,
      "median_absolute_deviation": 6302.542030867314,
      "inverse_geometric_mean_rank": 0.00017438514627532537,
      "arithmetic_mean_rank": 8096.17573834513,
      "median_rank": 7918.0,
      "inverse_harmonic_mean_rank": 0.0006914274516553317,
      "standard_deviation": 4926.304334167827,
      "geometric_mean_rank": 5734.433358338703,
      "adjusted_arithmetic_mean_rank_index": 0.05738540663429059,
      "z_inverse_harmonic_mean_rank": 0.5906192441922182,
      "hits_at_1": 0.0,
      "hits_at_3": 0.000244081034903588,
      "hits_at_5": 0.000244081034903588,
      "hits_at_10": 0.000488162069807176,
      "z_hits_at_k": -0.24946799118138197,
      "adjusted_hits_at_k": -9.406641702143764e-05
    }
  },
  "both": {
    "optimistic": {
      "count": 8194.0,
      "adjusted_inverse_harmonic_mean_rank": 0.00012428296457602244,
      "z_arithmetic_mean_rank": 9.328647557796216,
      "variance": 24291665.815403026,
      "z_geometric_mean_rank": 8.797232882022499,