{
  "head": {
    "optimistic": {
      "z_inverse_harmonic_mean_rank": -0.13210665001209332,
      "z_geometric_mean_rank": 7.429157086903892,
      "adjusted_arithmetic_mean_rank": 0.9338043965460591,
      "inverse_geometric_mean_rank": 0.00017905520266636545,
      "median_rank": 7636.0,
      "count": 4097.0,
      "harmonic_mean_rank": 1719.4266868686063,
      "inverse_arithmetic_mean_rank": 0.0001247850260405364,
      "adjusted_arithmetic_mean_rank_index": 0.06620331778269817,
      "adjusted_geometric_mean_rank_index": 0.11587481973289493,
      "variance": 26103389.040360708,
      "adjusted_inverse_harmonic_mean_rank": -2.0179272384673354e-05,
      "inverse_median_rank": 0.00013095861707700367,
      "median_absolute_deviation": 6693.949016552793,
      "inverse_harmonic_mean_rank": 0.0005815892050746198,
      "arithmetic_mean_rank": 8013.782035635831,
      "standard_deviation": 5109.147584515514,
      "geometric_mean_rank": 5584.869834043893,
      "z_arithmetic_mean_rank": 7.339172373914479,
      "hits_at_1": 0.0,
      "hits_at_3": 0.0,
      "hits_at_5": 0.000244081034903588,
      "hits_at_10": 0.000488162069807176,
      "z_hits_at_k": -0.25065524251805105,
      "adjusted_hits_at_k": -9.455362809188974e-05
    },
    "realistic": {
      "z_inverse_harmonic_mean_rank": -0.13211178300428594,
      "z_geometric_mean_rank": 7.429114558399569,
      "adjusted_arithmetic_mean_rank": 0.9338047601750196,
      "inverse_geometric_mean_rank": 0.00017905507411342114,
      "median_rank": 7636.0,
      "count": 4097.0,
      "harmonic_mean_rank": 1719.428955078125,
      "inverse_arithmetic_mean_rank": 0.00012478497228585184,
      "adjusted_arithmetic_mean_rank_index": 0.06620295411136101,
      "adjusted_geometric_mean_rank_index": 0.11587415640289478,
      "variance": 26103382.0,
      "adjusted_inverse_harmonic_mean_rank": -2.0180056448515743e-05,
      "inverse_median_rank": 0.00013095862232148647,
      "median_absolute_deviation": 6693.94921875,
      "inverse_harmonic_mean_rank": 0.0005815884214825928,
      "arithmetic_mean_rank": 8013.78515625,
      "standard_deviation": 5109.14697265625,
      "geometric_mean_rank": 5584.8740234375,
      "z_arithmetic_mean_rank": 7.33913205801008,
      "hits_at_1": 0.0,
      "hits_at_3": 0.0,
      "hits_at_5": 0.000244081034903588,
      "hits_at_10": 0.000488162069807176,
      "z_hits_at_k": -0.25065524251805105,
      "adjusted_hits_at_k": -9.455362809188974e-05
    },
    "pessimistic": {
      "z_inverse_harmonic_mean_rank": -0.13211692256865248,
      "z_geometric_mean_rank": 7.4290459564575,
      "adjusted_arithmetic_mean_rank": 0.9338051075834397,
      "inverse_geometric_mean_rank": 0.00017905485169058145,
      "median_rank": 7636.0,
      "count": 4097.0,
      "harmonic_mean_rank": 1719.4313231142999,
      "inverse_arithmetic_mean_rank": 0.00012478493102411668,
      "adjusted_arithmetic_mean_rank_index": 0.06620260666245437,
      "adjusted_geometric_mean_rank_index": 0.11587308639756622,
      "variance": 26103372.512595434,
      "adjusted_inverse_harmonic_mean_rank": -2.0180841516256702e-05,
      "inverse_median_rank": 0.00013095861707700367,
      "median_absolute_deviation": 6693.949016552793,
      "inverse_harmonic_mean_rank": 0.0005815876368872714,
      "arithmetic_mean_rank": 8013.788137661703,
      "standard_deviation": 5109.145967047275,
      "geometric_mean_rank": 5584.880781270678,
      "z_arithmetic_mean_rank": 7.339093540493096,
      "hits_at_1": 0.0,
      "hits_at_3": 0.0,
      "hits_at_5": 0.000244081034903588,
      "hits_at_10": 0.000488162069807176,
      "z_hits_at_k": -0.25065524251805105,
      "adjusted_hits_at_k": -9.455362809188974e-05
    }
  },
  "tail": {
    "optimistic": {
      "z_inverse_harmonic_mean_rank": 0.10854032920313506,
      "z_geometric_mean_rank": 12.705982895428832,
      "adjusted_arithmetic_mean_rank": 0.8843829374630924,
      "inverse_geometric_mean_rank": 0.00019726656955757475,
      "median_rank": 7029.0,
      "count": 4097.0,
      "harmonic_mean_rank": 1618.47669799657,
      "inverse_arithmetic_mean_rank": 0.00013164881545789093,
      "adjusted_arithmetic_mean_rank_index": 0.1156305251637747,
      "adjusted_geometric_mean_rank_index": 0.1981792678530827,
      "variance": 26387442.577597965,
      "adjusted_inverse_harmonic_mean_rank": 1.6572605646261187e-05,
      "inverse_median_rank": 0.0001422677479015507,
      "median_absolute_deviation": 6643.540541123602,
      "inverse_harmonic_mean_rank": 0.0006178649351194547,
      "arithmetic_mean_rank": 7595.966560898219,
      "standard_deviation": 5136.870893608088,
      "geometric_mean_rank": 5069.2826576889265,
      "z_arithmetic_mean_rank": 12.818606707997148,
      "hits_at_1": 0.0,
      "hits_at_3": 0.0,
      "hits_at_5": 0.0,
      "hits_at_10": 0.0,
      "z_hits_at_k": -1.5448479330464562,
      "adjusted_hits_at_k": -0.0005825128475059414
    },
    "realistic": {
      "z_inverse_harmonic_mean_rank": 0.10853965832816437,
      "z_geometric_mean_rank": 12.705992220982509,
      "adjusted_arithmetic_mean_rank": 0.8843831923357603,
      "inverse_geometric_mean_rank": 0.0001972666068468243,
      "median_rank": 7029.0,
      "count": 4097.0,
      "harmonic_mean_rank": 1618.4769287109375,
      "inverse_arithmetic_mean_rank": 0.00013164877600502223,
      "adjusted_arithmetic_mean_rank_index": 0.11563027026142891,
      "adjusted_geometric_mean_rank_index": 0.19817941330671784,
      "variance": 26387448.0,
      "adjusted_inverse_harmonic_mean_rank": 1.657250321294068e-05,
      "inverse_median_rank": 0.00014226774510461837,
      "median_absolute_deviation": 6643.54052734375,
      "inverse_harmonic_mean_rank": 0.0006178648327477276,
      "arithmetic_mean_rank": 7595.96875,
      "standard_deviation": 5136.87158203125,
      "geometric_mean_rank": 5069.28173828125,
      "z_arithmetic_mean_rank": 12.818578449949229,
      "hits_at_1": 0.0,
      "hits_at_3": 0.0,
      "hits_at_5": 0.0,
      "hits_at_10": 0.0,
      "z_hits_at_k": -1.5448479330464562,
      "adjusted_hits_at_k": -0.0005825128475059414
    },
    "pessimistic": {
      "z_inverse_harmonic_mean_rank": 0.10853899731897299,
      "z_geometric_mean_rank": 12.705943065712482,
      "adjusted_arithmetic_mean_rank": 0.8843834774024031,
      "inverse_geometric_mean_rank": 0.00019726641674912802,
      "median_rank": 7029.0,
      "count": 4097.0,
      "harmonic_mean_rank": 1618.477230371922,
      "inverse_arithmetic_mean_rank": 0.00013164873508283588,
      "adjusted_arithmetic_mean_rank_index": 0.11562998516159262,
      "adjusted_geometric_mean_rank_index": 0.19817864661629292,
      "variance": 26387452.764608596,
      "adjusted_inverse_harmonic_mean_rank": 1.657240228598823e-05,
      "inverse_median_rank": 0.0001422677479015507,
      "median_absolute_deviation": 6643.540541123602,
      "inverse_harmonic_mean_rank": 0.0006178647318814627,
      "arithmetic_mean_rank": 7595.971198437881,
      "standard_deviation": 5136.8718851659705,
      "geometric_mean_rank": 5069.286584506383,
      "z_arithmetic_mean_rank": 12.818546844258009,
      "hits_at_1": 0.0,
      "hits_at_3": 0.0,
      "hits_at_5": 0.0,
      "hits_at_10": 0.0,
      "z_hits_at_k": -1.5448479330464562,
      "adjusted_hits_at_k": -0.0005825128475059414
    }
  },
  "both": {
    "optimistic": {
      "z_inverse_harmonic_mean_rank": -0.016699357048540087,
      "z_geometric_mean_rank": 14.322876675124249,
      "adjusted_arithmetic_mean_rank": 0.9090833946117143,
      "inverse_geometric_mean_rank": 0.00018794043096532017,
      "median_rank": 7355.5,
      "count": 8194.0,
      "harmonic_mean_rank": 1667.425150307452,
      "inverse_arithmetic_mean_rank": 0.0001281250615685172,