{
  "losses": [
    1.0227170203910263,
    0.780861003621543,
    0.602784269978564,
    0.47318004332627767,
    0.3778849709126736,
    0.2943693089809863,
    0.2337608661517095,
    0.1853871879816519,
    0.154994962947146,
    0.12877562698629116,
    0.10343002414888909,
    0.08795765472815195,
    0.07681984077515769,
    0.06474104116341019,
    0.06045537834791358,
    0.05181884690249476,
    0.04725406346444026,
    0.0420298579398992,
    0.03824962282749002,
    0.037420728559160045,
    0.03386832356221017,
    0.032464596432006776,
    0.03076597878615216,
    0.029949949119341512,
    0.0284896157681942,
    0.027454499836561744,
    0.025199184984200658,
    0.022901159272699506,
    0.022878999984913762,
    0.02051545721605594,
    0.02310689069069777,
    0.021591740895917907,
    0.021177409412448046,
    0.0204079731110237,
    0.021295987707399672,
    0.020563469380720116,
    0.01807366969636442,
    0.017939349165338486,
    0.018632318418661444,
    0.018882291442225415,
    0.01739642280606908,
    0.01755366096062883,
    0.015872930462838147,
    0.01570198134109668,
    0.016694843261738233,
    0.015366934007939662,
    0.01562532882572148,
    0.016522490444814186,
    0.015560816074739635,
    0.015524928773307614
  ],
  "metrics": {
    "both": {
      "optimistic": {
        "adjusted_arithmetic_mean_rank": 0.9090866901058531,
        "adjusted_arithmetic_mean_rank_index": 0.09092389978541193,
        "adjusted_geometric_mean_rank_index": 0.1579763774624181,
        "adjusted_hits_at_k": -0.0003385005591524275,
        "adjusted_inverse_harmonic_mean_rank": -1.7959862125902903e-06,
        "arithmetic_mean_rank": 7805.340493043691,
        "count": 8194.0,
        "geometric_mean_rank": 5321.160991269605,
        "harmonic_mean_rank": 1667.4895741795467,
        "hits_at_1": 0.0,
        "hits_at_10": 0.000244081034903588,
        "hits_at_3": 0.0,
        "hits_at_5": 0.000122040517451794,
        "inverse_arithmetic_mean_rank": 0.00012811740895752393,
        "inverse_geometric_mean_rank": 0.0001879289128144579,
        "inverse_harmonic_mean_rank": 0.0005997038994933621,
        "inverse_median_rank": 0.00013595268846441439,
        "median_absolute_deviation": 6684.312102132506,
        "median_rank": 7355.5,
        "standard_deviation": 5127.595619603525,
        "variance": 26292236.838177253,
        "z_arithmetic_mean_rank": 14.254791106392304,
        "z_geometric_mean_rank": 14.322480973962172,
        "z_hits_at_k": -1.2693342036762116,
        "z_inverse_harmonic_mean_rank": -0.016631824960358976
      },
      "pessimistic": {
        "adjusted_arithmetic_mean_rank": 0.9090873155235458,
        "adjusted_arithmetic_mean_rank_index": 0.09092327429486835,
        "adjusted_geometric_mean_rank_index": 0.15797522589314728,
        "adjusted_hits_at_k": -0.0003385005591524275,
        "adjusted_inverse_harmonic_mean_rank": -1.7968724482796171e-06,
        "arithmetic_mean_rank": 7805.345862826458,
        "count": 8194.0,
        "geometric_mean_rank": 5321.168267234019,
        "harmonic_mean_rank": 1667.4920368983426,
        "hits_at_1": 0.0,
        "hits_at_10": 0.000244081034903588,
        "hits_at_3": 0.0,
        "hits_at_5": 0.000122040517451794,
        "inverse_arithmetic_mean_rank": 0.00012811732081759178,
        "inverse_geometric_mean_rank": 0.00018792865584756391,
        "inverse_harmonic_mean_rank": 0.0005997030137907425,
        "inverse_median_rank": 0.00013595268846441439,
        "median_absolute_deviation": 6684.312102132506,
        "median_rank": 7355.5,
        "standard_deviation": 5127.595340156773,
        "variance": 26292233.972397458,
        "z_arithmetic_mean_rank": 14.254693043759062,
        "z_geometric_mean_rank": 14.322376570194734,
        "z_hits_at_k": -1.2693342036762116,
        "z_inverse_harmonic_mean_rank": -0.01664003199266073
      },
      "realistic": {
        "adjusted_arithmetic_mean_rank": 0.9090869557029352,
        "adjusted_arithmetic_mean_rank_index": 0.09092363415739213,
        "adjusted_geometric_mean_rank_index": 0.15797550497561086,
        "adjusted_hits_at_k": -0.0003385005591524275,
        "adjusted_inverse_harmonic_mean_rank": -1.796425504069026e-06,
        "arithmetic_mean_rank": 7805.3427734375,
        "count": 8194.0,
        "geometric_mean_rank": 5321.16650390625,
        "harmonic_mean_rank": 1667.4908447265625,
        "hits_at_1": 0.0,
        "hits_at_10": 0.000244081034903588,
        "hits_at_3": 0.0,
        "hits_at_5": 0.000122040517451794,
        "inverse_arithmetic_mean_rank": 0.00012811737542506307,
        "inverse_geometric_mean_rank": 0.00018792871560435742,
        "inverse_harmonic_mean_rank": 0.0005997034604661167,
        "inverse_median_rank": 0.0001359526941087097,
        "median_absolute_deviation": 6684.31201171875,
        "median_rank": 7355.5,
        "standard_deviation": 5127.595703125,
        "variance": 26292236.0,
        "z_arithmetic_mean_rank": 14.254749461984801,
        "z_geometric_mean_rank": 14.322401872416123,
        "z_hits_at_k": -1.2693342036762116,
        "z_inverse_harmonic_mean_rank": -0.01663589304224633
      }
    },
    "head": {
      "optimistic": {
        "adjusted_arithmetic_mean_rank": 0.9338055125426797,
        "adjusted_arithmetic_mean_rank_index": 0.06620220099230556,
        "adjusted_geometric_mean_rank_index": 0.11587628842949382,
        "adjusted_hits_at_k": -9.450343334282128e-05,
        "adjusted_inverse_harmonic_mean_rank": -2.0160910618488245e-05,
        "arithmetic_mean_rank": 8014.481083719795,
        "count": 4097.0,
        "geometric_mean_rank": 5585.341081887419,
        "harmonic_mean_rank": 1719.5107646929598,
        "hits_at_1": 0.0,
        "hits_at_10": 0.000488162069807176,
        "hits_at_3": 0.0,
        "hits_at_5": 0.000244081034903588,
        "inverse_arithmetic_mean_rank": 0.00012477414190063392,
        "inverse_geometric_mean_rank": 0.00017904009537445765,
        "inverse_harmonic_mean_rank": 0.0005815607674771158,
        "inverse_median_rank": 0.00013092432573972245,
        "median_absolute_deviation": 6695.431618771298,
        "median_rank": 7638.0,
        "standard_deviation": 5109.64244007921,
        "variance": 26108445.865458626,
        "z_arithmetic_mean_rank": 7.339048814803249,
        "z_geometric_mean_rank": 7.429250513721698,
        "z_hits_at_k": -0.2505329702507675,
        "z_inverse_harmonic_mean_rank": -0.13199211220023788
      },
      "pessimistic": {
        "adjusted_arithmetic_mean_rank": 0.9338062235188912,
        "adjusted_arithmetic_mean_rank_index": 0.06620148993324526,
        "adjusted_geometric_mean_rank_index": 0.11587455514942402,
        "adjusted_hits_at_k": -9.450343334282128e-05,
        "adjusted_inverse_harmonic_mean_rank": -2.0162479729884724e-05,
        "arithmetic_mean_rank": 8014.487185745667,
        "count": 4097.0,
        "geometric_mean_rank": 5585.352029707247,
        "harmonic_mean_rank": 1719.5154013326444,
        "hits_at_1": 0.0,
        "hits_at_10": 0.000488162069807176,
        "hits_at_3": 0.0,
        "hits_at_5": 0.000244081034903588,
        "inverse_arithmetic_mean_rank": 0.0001247740469007887,
        "inverse_geometric_mean_rank": 0.00017903974443888622,
        "inverse_harmonic_mean_rank": 0.0005815591993098686,
        "inverse_median_rank": 0.00013092432573972245,
        "median_absolute_deviation": 6695.431618771298,
        "median_rank": 7638.0,
        "standard_deviation": 5109.640822649334,
        "variance": 26108429.33648456,
        "z_arithmetic_mean_rank": 7.338969988161907,
        "z_geometric_mean_rank": 7.429139386829185,
        "z_hits_at_k": -0.2505329702507675,
        "z_inverse_harmonic_mean_rank": -0.1320023850659542
      },