{
  "head": {
    "optimistic": {
      "count": 4097.0,
      "adjusted_inverse_harmonic_mean_rank": 0.0005498881796726918,
      "z_arithmetic_mean_rank": 49.73849511044704,
      "variance": 17562311.810919352,
      "z_geometric_mean_rank": 34.430693398303774,
      "inverse_arithmetic_mean_rank": 0.00021133147287359115,
      "inverse_median_rank": 0.00031055900621118014,
      "harmonic_mean_rank": 868.573068707336,
      "adjusted_arithmetic_mean_rank": 0.5513840619918794,
      "adjusted_geometric_mean_rank_index": 0.5370259834510676,
      "median_absolute_deviation": 2874.7657016823623,
      "inverse_geometric_mean_rank": 0.0003418797313970247,
      "arithmetic_mean_rank": 4731.902855748109,
      "median_rank": 3220.0,
      "inverse_harmonic_mean_rank": 0.001151313615431643,
      "standard_deviation": 4190.741200661209,
      "geometric_mean_rank": 2925.005223075657,
      "adjusted_arithmetic_mean_rank_index": 0.4486682189852693,
      "z_inverse_harmonic_mean_rank": 3.5999258998546555,
      "hits_at_1": 0.0,
      "hits_at_3": 0.0,
      "hits_at_5": 0.000488162069807176,
      "hits_at_10": 0.001464486209421528,
      "z_hits_at_k": 2.3390226070856888,
      "adjusted_hits_at_k": 0.0008823397087853673
    },
    "realistic": {
      "count": 4097.0,
      "adjusted_inverse_harmonic_mean_rank": 0.0005498881037897974,
      "z_arithmetic_mean_rank": 49.738476492210104,
      "variance": 17562312.0,
      "z_geometric_mean_rank": 34.430667111839746,
      "inverse_arithmetic_mean_rank": 0.0002113314112648368,
      "inverse_median_rank": 0.0003105590003542602,
      "harmonic_mean_rank": 868.5731201171875,
      "adjusted_arithmetic_mean_rank": 0.5513842299189108,
      "adjusted_geometric_mean_rank_index": 0.5370255734531034,
      "median_absolute_deviation": 2874.765869140625,
      "inverse_geometric_mean_rank": 0.00034187943674623966,
      "arithmetic_mean_rank": 4731.904296875,
      "median_rank": 3220.0,
      "inverse_harmonic_mean_rank": 0.0011513135395944118,
      "standard_deviation": 4190.7412109375,
      "geometric_mean_rank": 2925.0078125,
      "adjusted_arithmetic_mean_rank_index": 0.448668051038668,
      "z_inverse_harmonic_mean_rank": 3.5999254030758436,
      "hits_at_1": 0.0,
      "hits_at_3": 0.0,
      "hits_at_5": 0.000488162069807176,
      "hits_at_10": 0.001464486209421528,
      "z_hits_at_k": 2.3390226070856888,
      "adjusted_hits_at_k": 0.0008823397087853673
    },
    "pessimistic": {
      "count": 4097.0,
      "adjusted_inverse_harmonic_mean_rank": 0.0005498877185637935,
      "z_arithmetic_mean_rank": 49.73846673041534,
      "variance": 17562316.697599564,
      "z_geometric_mean_rank": 34.430671585263696,
      "inverse_arithmetic_mean_rank": 0.00021133137476552765,
      "inverse_median_rank": 0.00031055900621118014,
      "harmonic_mean_rank": 868.5734163675374,
      "adjusted_arithmetic_mean_rank": 0.5513843179653364,
      "adjusted_geometric_mean_rank_index": 0.5370256432264557,
      "median_absolute_deviation": 2874.7657016823623,
      "inverse_geometric_mean_rank": 0.0003418794802467586,
      "arithmetic_mean_rank": 4731.905052477423,
      "median_rank": 3220.0,
      "inverse_harmonic_mean_rank": 0.0011513131546002202,
      "standard_deviation": 4190.741783694095,
      "geometric_mean_rank": 2925.007371832405,
      "adjusted_arithmetic_mean_rank_index": 0.4486679629819815,
      "z_inverse_harmonic_mean_rank": 3.5999228811357113,
      "hits_at_1": 0.0,
      "hits_at_3": 0.0,
      "hits_at_5": 0.000488162069807176,
      "hits_at_10": 0.001464486209421528,
      "z_hits_at_k": 2.3390226070856888,
      "adjusted_hits_at_k": 0.0008823397087853673
    }
  },
  "tail": {
    "optimistic": {
      "count": 4097.0,
      "adjusted_inverse_harmonic_mean_rank": 0.000568036082444445,
      "z_arithmetic_mean_rank": 18.282908952771578,
      "variance": 29985281.871077675,
      "z_geometric_mean_rank": 19.945498601174116,
      "inverse_arithmetic_mean_rank": 0.0001394183576374547,
      "inverse_median_rank": 0.00016909029421711193,
      "harmonic_mean_rank": 855.434323345268,
      "adjusted_arithmetic_mean_rank": 0.8350978171106198,
      "adjusted_geometric_mean_rank_index": 0.3110963033932185,
      "median_absolute_deviation": 6559.032214668783,
      "inverse_geometric_mean_rank": 0.00022959277455867163,
      "arithmetic_mean_rank": 7172.65657798389,
      "median_rank": 5914.0,
      "inverse_harmonic_mean_rank": 0.0011689968156636413,
      "standard_deviation": 5475.881835017779,
      "geometric_mean_rank": 4355.537764296905,
      "adjusted_arithmetic_mean_rank_index": 0.16492138435073112,
      "z_inverse_harmonic_mean_rank": 3.720285433913572,
      "hits_at_1": 0.0,
      "hits_at_3": 0.000488162069807176,
      "hits_at_5": 0.000976324139614352,
      "hits_at_10": 0.002196729314132292,
      "z_hits_at_k": 4.284361805346378,
      "adjusted_hits_at_k": 0.0016154960896743252
    },
    "realistic": {
      "count": 4097.0,
      "adjusted_inverse_harmonic_mean_rank": 0.0005680353620049505,
      "z_arithmetic_mean_rank": 18.282887974617097,
      "variance": 29985284.0,
      "z_geometric_mean_rank": 19.94548048086027,
      "inverse_arithmetic_mean_rank": 0.00013941832003183663,
      "inverse_median_rank": 0.00016909030091483146,
      "harmonic_mean_rank": 855.4348754882812,
      "adjusted_arithmetic_mean_rank": 0.835098006322494,
      "adjusted_geometric_mean_rank_index": 0.31109602076490384,
      "median_absolute_deviation": 6559.0322265625,
      "inverse_geometric_mean_rank": 0.0002295926824444905,
      "arithmetic_mean_rank": 7172.658203125,
      "median_rank": 5914.0,
      "inverse_harmonic_mean_rank": 0.0011689960956573486,
      "standard_deviation": 5475.8818359375,
      "geometric_mean_rank": 4355.53955078125,
      "adjusted_arithmetic_mean_rank_index": 0.1649211951168249,
      "z_inverse_harmonic_mean_rank": 3.720280715479936,
      "hits_at_1": 0.0,
      "hits_at_3": 0.000488162069807176,
      "hits_at_5": 0.000976324139614352,
      "hits_at_10": 0.002196729314132292,
      "z_hits_at_k": 4.284361805346378,
      "adjusted_hits_at_k": 0.0016154960896743252
    },
    "pessimistic": {
      "count": 4097.0,
      "adjusted_inverse_harmonic_mean_rank": 0.0005680347278137492,
      "z_arithmetic_mean_rank": 18.282864842647996,
      "variance": 29985287.86267347,
      "z_geometric_mean_rank": 19.945444540744404,
      "inverse_arithmetic_mean_rank": 0.00013941829121700837,
      "inverse_median_rank": 0.00016909029421711193,
      "harmonic_mean_rank": 855.4353140255939,
      "adjusted_arithmetic_mean_rank": 0.8350982149606383,
      "adjusted_geometric_mean_rank_index": 0.3110954601954534,
      "median_absolute_deviation": 6559.032214668783,
      "inverse_geometric_mean_rank": 0.00022959249360876365,
      "arithmetic_mean_rank": 7172.659995118379,
      "median_rank": 5914.0,
      "inverse_harmonic_mean_rank": 0.001168995461847488,
      "standard_deviation": 5475.882382107332,
      "geometric_mean_rank": 4355.543094122436,
      "adjusted_arithmetic_mean_rank_index": 0.16492098645438635,
      "z_inverse_harmonic_mean_rank": 3.720276561919341,
      "hits_at_1": 0.0,
      "hits_at_3": 0.000488162069807176,
      "hits_at_5": 0.000976324139614352,
      "hits_at_10": 0.002196729314132292,
      "z_hits_at_k": 4.284361805346378,
      "adjusted_hits_at_k": 0.0016154960896743252
    }
  },
  "both": {
    "optimistic": {
      "count": 8194.0,
      "adjusted_inverse_harmonic_mean_rank": 0.0005589621331197761,
      "z_arithmetic_mean_rank": 48.08916994166117,
      "variance": 25263116.524150465,
      "z_geometric_mean_rank": 39.45715509727573,
      "inverse_arithmetic_mean_rank": 0.00016800285731977008,
      "inverse_median_rank": 0.000251414204902577,