{
  "head": {
    "optimistic": {
      "count": 4097.0,
      "z_geometric_mean_rank": -2.845511531346517,
      "harmonic_mean_rank": 3905.841162974588,
      "inverse_arithmetic_mean_rank": 0.00012207664136618094,
      "adjusted_geometric_mean_rank_index": -0.04438230769462237,
      "standard_deviation": 4377.561470262451,
      "median_absolute_deviation": 5359.607019897751,
      "geometric_mean_rank": 6597.005852229345,
      "variance": 19163044.425926346,
      "inverse_median_rank": 0.0001248595330253465,
      "arithmetic_mean_rank": 8191.575298999268,
      "adjusted_arithmetic_mean_rank": 0.9545217220568816,
      "inverse_geometric_mean_rank": 0.0001515839188867882,
      "adjusted_inverse_harmonic_mean_rank": -0.0003459377083137512,
      "inverse_harmonic_mean_rank": 0.00025602679634786424,
      "z_arithmetic_mean_rank": 5.04222189507766,
      "z_inverse_harmonic_mean_rank": -2.2647333802234186,
      "median_rank": 8009.0,
      "adjusted_arithmetic_mean_rank_index": 0.04548357790820767,
      "hits_at_1": 0.0,
      "hits_at_3": 0.0,
      "hits_at_5": 0.0,
      "hits_at_10": 0.0,
      "z_hits_at_k": -1.5454941673199207,
      "adjusted_hits_at_k": -0.0005830002965305183
    },
    "realistic": {
      "count": 4097.0,
      "z_geometric_mean_rank": -2.845600825791408,
      "harmonic_mean_rank": 3905.84375,
      "inverse_arithmetic_mean_rank": 0.00012207659892737865,
      "adjusted_geometric_mean_rank_index": -0.04438370044720297,
      "standard_deviation": 4377.560546875,
      "median_absolute_deviation": 5359.60693359375,
      "geometric_mean_rank": 6597.0146484375,
      "variance": 19163038.0,
      "inverse_median_rank": 0.000124859536299482,
      "arithmetic_mean_rank": 8191.578125,
      "adjusted_arithmetic_mean_rank": 0.9545220513560685,
      "inverse_geometric_mean_rank": 0.00015158372116275132,
      "adjusted_inverse_harmonic_mean_rank": -0.00034593787540363277,
      "inverse_harmonic_mean_rank": 0.00025602662935853004,
      "z_arithmetic_mean_rank": 5.042185385349384,
      "z_inverse_harmonic_mean_rank": -2.2647344741025286,
      "median_rank": 8009.0,
      "adjusted_arithmetic_mean_rank_index": 0.045483248570644785,
      "hits_at_1": 0.0,
      "hits_at_3": 0.0,
      "hits_at_5": 0.0,
      "hits_at_10": 0.0,
      "z_hits_at_k": -1.5454941673199207,
      "adjusted_hits_at_k": -0.0005830002965305183
    },
    "pessimistic": {
      "count": 4097.0,
      "z_geometric_mean_rank": -2.8455870163736563,
      "harmonic_mean_rank": 3905.8454836924434,
      "inverse_arithmetic_mean_rank": 0.00012207655042954885,
      "adjusted_geometric_mean_rank_index": -0.044383485057519545,
      "standard_deviation": 4377.559828936623,
      "median_absolute_deviation": 5359.607019897751,
      "geometric_mean_rank": 6597.013288100771,
      "variance": 19163030.055919636,
      "inverse_median_rank": 0.0001248595330253465,
      "arithmetic_mean_rank": 8191.581401025141,
      "adjusted_arithmetic_mean_rank": 0.9545224330942622,
      "inverse_geometric_mean_rank": 0.00015158374802787342,
      "adjusted_inverse_harmonic_mean_rank": -0.0003459379917058184,
      "inverse_harmonic_mean_rank": 0.00025602651312632996,
      "z_arithmetic_mean_rank": 5.042143061656276,
      "z_inverse_harmonic_mean_rank": -2.264735235492327,
      "median_rank": 8009.0,
      "adjusted_arithmetic_mean_rank_index": 0.04548286678796387,
      "hits_at_1": 0.0,
      "hits_at_3": 0.0,
      "hits_at_5": 0.0,
      "hits_at_10": 0.0,
      "z_hits_at_k": -1.5454941673199207,
      "adjusted_hits_at_k": -0.0005830002965305183
    }
  },
  "tail": {
    "optimistic": {
      "count": 4097.0,
      "z_geometric_mean_rank": -2.0374091141067368,
      "harmonic_mean_rank": 3445.8746662718913,
      "inverse_arithmetic_mean_rank": 0.0001223761706683107,
      "adjusted_geometric_mean_rank_index": -0.031778119793954396,
      "standard_deviation": 4421.39869219118,
      "median_absolute_deviation": 5346.263599931201,
      "geometric_mean_rank": 6522.835793809852,
      "variance": 19548766.39530988,
      "inverse_median_rank": 0.00012693577050012695,
      "arithmetic_mean_rank": 8171.525506468148,
      "adjusted_arithmetic_mean_rank": 0.9513940948826826,
      "inverse_geometric_mean_rank": 0.00015330755389381356,
      "adjusted_inverse_harmonic_mean_rank": -0.0003112873911563984,
      "inverse_harmonic_mean_rank": 0.0002902020812851864,
      "z_arithmetic_mean_rank": 5.388996811661968,
      "z_inverse_harmonic_mean_rank": -2.0387401132979392,
      "median_rank": 7878.0,
      "adjusted_arithmetic_mean_rank_index": 0.04861156486294471,
      "hits_at_1": 0.0,
      "hits_at_3": 0.0,
      "hits_at_5": 0.0,
      "hits_at_10": 0.0,
      "z_hits_at_k": -1.5448479330464562,
      "adjusted_hits_at_k": -0.0005825128475059414
    },
    "realistic": {
      "count": 4097.0,
      "z_geometric_mean_rank": -2.037489813757361,
      "harmonic_mean_rank": 3445.876220703125,
      "inverse_arithmetic_mean_rank": 0.00012237613555043936,
      "adjusted_geometric_mean_rank_index": -0.03177937849214474,
      "standard_deviation": 4421.39892578125,
      "median_absolute_deviation": 5346.263671875,
      "geometric_mean_rank": 6522.84375,
      "variance": 19548770.0,
      "inverse_median_rank": 0.00012693577446043491,
      "arithmetic_mean_rank": 8171.5283203125,
      "adjusted_arithmetic_mean_rank": 0.9513944224928574,
      "inverse_geometric_mean_rank": 0.00015330736641772091,
      "adjusted_inverse_harmonic_mean_rank": -0.00031128752473040126,
      "inverse_harmonic_mean_rank": 0.0002902019477915019,
      "z_arithmetic_mean_rank": 5.388960489116712,
      "z_inverse_harmonic_mean_rank": -2.0387409881251424,
      "median_rank": 7878.0,
      "adjusted_arithmetic_mean_rank_index": 0.04861123721462235,
      "hits_at_1": 0.0,
      "hits_at_3": 0.0,
      "hits_at_5": 0.0,
      "hits_at_10": 0.0,
      "z_hits_at_k": -1.5448479330464562,
      "adjusted_hits_at_k": -0.0005825128475059414
    },
    "pessimistic": {
      "count": 4097.0,
      "z_geometric_mean_rank": -2.0374742993047903,
      "harmonic_mean_rank": 3445.877937082407,
      "inverse_arithmetic_mean_rank": 0.00012237608294021846,
      "adjusted_geometric_mean_rank_index": -0.03177913650827957,
      "standard_deviation": 4421.399530654338,
      "median_absolute_deviation": 5346.263599931201,
      "geometric_mean_rank": 6522.842220427892,
      "variance": 19548773.809670407,
      "inverse_median_rank": 0.00012693577050012695,
      "arithmetic_mean_rank": 8171.531364412985,
      "adjusted_arithmetic_mean_rank": 0.9513947769112856,
      "inverse_geometric_mean_rank": 0.00015330740284783418,
      "adjusted_inverse_harmonic_mean_rank": -0.0003112876667805306,
      "inverse_harmonic_mean_rank": 0.0002902018058267876,
      "z_arithmetic_mean_rank": 5.388921194307272,
      "z_inverse_harmonic_mean_rank": -2.0387419184657376,
      "median_rank": 7878.0,
      "adjusted_arithmetic_mean_rank_index": 0.0486108827549252,
      "hits_at_1": 0.0,
      "hits_at_3": 0.0,
      "hits_at_5": 0.0,
      "hits_at_10": 0.0,
      "z_hits_at_k": -1.5448479330464562,
      "adjusted_hits_at_k": -0.0005825128475059414
    }
  },
  "both": {
    "optimistic": {
      "count": 8194.0,
      "z_geometric_mean_rank": -3.456424610830908,
      "harmonic_mean_rank": 3661.4688126093065,
      "inverse_arithmetic_mean_rank": 0.00012222622250983986,
      "adjusted_geometric_mean_rank_index": -0.03812421968760704,
      "standard_deviation": 4399.546102629594,
      "median_absolute_deviation": 5367.020030990279,
      "geometric_mean_rank": 6559.815996268084,
      "variance": 19356005.90916325,
      "inverse_median_rank": 0.00012619888944977284,
      "arithmetic_mean_rank": 8181.550402733707,