{
  "losses": [
    0.9549528397474771,
    0.8212697614955531,
    0.7014612358367861,
    0.5932165581428587,
    0.5088799042692445,
    0.44908426116412714,
    0.401777850862607,
    0.3596466025953627,
    0.32396656929982776,
    0.3050689912375773,
    0.2798973003018227,
    0.2603197824862217,
    0.23993975932959916,
    0.22822449776681017,
    0.21147432720382853,
    0.2014125951997037,
    0.19383197843100775,
    0.18160863730925994,
    0.17444536098594332,
    0.16092967334772362,
    0.1530489963316268,
    0.1430219092663624,
    0.1353776175746194,
    0.1294254806139126,
    0.119889061448639,
    0.110999722425112,
    0.10074102179897435,
    0.09448216838131619,
    0.08824811842480985,
    0.08112764410703563,
    0.07409239089993419,
    0.06809622214578005,
    0.06047233459376639,
    0.05680888677414521,
    0.05217119124409986,
    0.04673922550773922,
    0.045208196630447756,
    0.039648793039821696,
    0.0374922756584006,
    0.03422240401955198,
    0.030983140800829527,
    0.02980183085593384,
    0.02769444713999557,
    0.025269197832778503,
    0.023966308549075506,
    0.022911865068490866,
    0.021571336846784164,
    0.020860537774281047,
    0.019599333590309676,
    0.018296460371015136
  ],
  "metrics": {
    "both": {
      "optimistic": {
        "adjusted_arithmetic_mean_rank": 0.9529606225294002,
        "adjusted_arithmetic_mean_rank_index": 0.047044856777129995,
        "adjusted_geometric_mean_rank_index": -0.038124461254045006,
        "adjusted_hits_at_k": -0.0005827238258905019,
        "adjusted_inverse_harmonic_mean_rank": -0.00032859194325957633,
        "arithmetic_mean_rank": 8182.0383207224795,
        "count": 8194.0,
        "geometric_mean_rank": 6560.185651112821,
        "harmonic_mean_rank": 3661.6019290339377,
        "hits_at_1": 0.0,
        "hits_at_10": 0.0,
        "hits_at_3": 0.0,
        "hits_at_5": 0.0,
        "inverse_arithmetic_mean_rank": 0.00012221893381595642,
        "inverse_geometric_mean_rank": 0.00015243471041560653,
        "inverse_harmonic_mean_rank": 0.00027310450982415667,
        "inverse_median_rank": 0.00012618296529968455,
        "median_absolute_deviation": 5365.537428771773,
        "median_rank": 7925.0,
        "standard_deviation": 4399.82441255989,
        "variance": 19358454.861357983,
        "z_arithmetic_mean_rank": 7.375559204684805,
        "z_geometric_mean_rank": -3.4564463353612496,
        "z_hits_at_k": -2.185140507158808,
        "z_inverse_harmonic_mean_rank": -3.0429430055565967
      },
      "pessimistic": {
        "adjusted_arithmetic_mean_rank": 0.9529613190172854,
        "adjusted_arithmetic_mean_rank_index": 0.047044160208115526,
        "adjusted_geometric_mean_rank_index": -0.038125557860422266,
        "adjusted_hits_at_k": -0.0005827238258905019,
        "adjusted_inverse_harmonic_mean_rank": -0.00032859222275961924,
        "arithmetic_mean_rank": 8182.044300707835,
        "count": 8194.0,
        "geometric_mean_rank": 6560.192579804979,
        "harmonic_mean_rank": 3661.605674132685,
        "hits_at_1": 0.0,
        "hits_at_10": 0.0,
        "hits_at_3": 0.0,
        "hits_at_5": 0.0,
        "inverse_arithmetic_mean_rank": 0.00012221884449018313,
        "inverse_geometric_mean_rank": 0.00015243454941832332,
        "inverse_harmonic_mean_rank": 0.0002731042304922327,
        "inverse_median_rank": 0.00012618296529968455,
        "median_absolute_deviation": 5365.537428771773,
        "median_rank": 7925.0,
        "standard_deviation": 4399.824017423388,
        "variance": 19358451.384295683,
        "z_arithmetic_mean_rank": 7.375449998570502,
        "z_geometric_mean_rank": -3.456545756073538,
        "z_hits_at_k": -2.185140507158808,
        "z_inverse_harmonic_mean_rank": -3.042945593881472
      },
      "realistic": {
        "adjusted_arithmetic_mean_rank": 0.9529610501443115,
        "adjusted_arithmetic_mean_rank_index": 0.04704442911240858,
        "adjusted_geometric_mean_rank_index": -0.0381247538780245,
        "adjusted_hits_at_k": -0.0005827238258905019,
        "adjusted_inverse_harmonic_mean_rank": -0.00032859207444189357,
        "arithmetic_mean_rank": 8182.0419921875,
        "count": 8194.0,
        "geometric_mean_rank": 6560.1875,
        "harmonic_mean_rank": 3661.603759765625,
        "hits_at_1": 0.0,
        "hits_at_10": 0.0,
        "hits_at_3": 0.0,
        "hits_at_5": 0.0,
        "inverse_arithmetic_mean_rank": 0.0001222188730025664,
        "inverse_geometric_mean_rank": 0.00015243467350956053,
        "inverse_harmonic_mean_rank": 0.00027310437872074544,
        "inverse_median_rank": 0.0001261829602299258,
        "median_absolute_deviation": 5365.53759765625,
        "median_rank": 7925.0,
        "standard_deviation": 4399.82421875,
        "variance": 19358454.0,
        "z_arithmetic_mean_rank": 7.375492156622812,
        "z_geometric_mean_rank": -3.456472865285818,
        "z_hits_at_k": -2.185140507158808,
        "z_inverse_harmonic_mean_rank": -3.042944220377358
      }
    },
    "head": {
      "optimistic": {
        "adjusted_arithmetic_mean_rank": 0.9545266298344018,
        "adjusted_arithmetic_mean_rank_index": 0.04547866910279297,
        "adjusted_geometric_mean_rank_index": -0.044382166759652675,
        "adjusted_hits_at_k": -0.0005829500772663098,
        "adjusted_inverse_harmonic_mean_rank": -0.0003459058548301332,
        "arithmetic_mean_rank": 8192.322186966072,
        "count": 4097.0,
        "geometric_mean_rank": 6597.5725867328765,
        "harmonic_mean_rank": 3906.0695409861123,
        "hits_at_1": 0.0,
        "hits_at_10": 0.0,
        "hits_at_3": 0.0,
        "hits_at_5": 0.0,
        "inverse_arithmetic_mean_rank": 0.00012206551172889575,
        "inverse_geometric_mean_rank": 0.0001515708977588075,
        "inverse_harmonic_mean_rank": 0.00025601182710831706,
        "inverse_median_rank": 0.0001248595330253465,
        "median_absolute_deviation": 5359.607019897751,
        "median_rank": 8009.0,
        "standard_deviation": 4377.991691556012,
        "variance": 19166811.251333468,
        "z_arithmetic_mean_rank": 5.041677883435838,
        "z_geometric_mean_rank": -2.8455022133355357,
        "z_hits_at_k": -1.5454276019331228,
        "z_inverse_harmonic_mean_rank": -2.2646221326723843
      },
      "pessimistic": {
        "adjusted_arithmetic_mean_rank": 0.9545273408106133,
        "adjusted_arithmetic_mean_rank_index": 0.04547795804373256,
        "adjusted_geometric_mean_rank_index": -0.04438334408297262,
        "adjusted_hits_at_k": -0.0005829500772663098,
        "adjusted_inverse_harmonic_mean_rank": -0.0003459061382130788,
        "arithmetic_mean_rank": 8192.328288991945,
        "count": 4097.0,
        "geometric_mean_rank": 6597.580022994224,
        "harmonic_mean_rank": 3906.073862070369,
        "hits_at_1": 0.0,
        "hits_at_10": 0.0,
        "hits_at_3": 0.0,
        "hits_at_5": 0.0,
        "inverse_arithmetic_mean_rank": 0.00012206542080884416,
        "inverse_geometric_mean_rank": 0.00015157072692028724,
        "inverse_harmonic_mean_rank": 0.0002560115438958857,
        "inverse_median_rank": 0.0001248595330253465,
        "median_absolute_deviation": 5359.607019897751,
        "median_rank": 8009.0,
        "standard_deviation": 4377.990049963736,
        "variance": 19166796.877581477,
        "z_arithmetic_mean_rank": 5.041599056794496,
        "z_geometric_mean_rank": -2.8455776958177523,
        "z_hits_at_k": -1.5454276019331228,
        "z_inverse_harmonic_mean_rank": -2.2646239879612775
      },
      "realistic": {
        "adjusted_arithmetic_mean_rank": 0.9545269803512286,
        "adjusted_arithmetic_mean_rank_index": 0.045478318545120966,