{
  "head": {
    "optimistic": {
      "count": 4097.0,
      "z_geometric_mean_rank": 1.5567556304136545,
      "harmonic_mean_rank": 1972.9434095867052,
      "inverse_arithmetic_mean_rank": 0.000118047779586672,
      "adjusted_geometric_mean_rank_index": 0.024281190440883282,
      "standard_deviation": 5004.15219775656,
      "median_absolute_deviation": 6406.324186162706,
      "geometric_mean_rank": 6163.347763424605,
      "variance": 25041539.218311813,
      "inverse_median_rank": 0.00011851149561507466,
      "arithmetic_mean_rank": 8471.146204539908,
      "adjusted_arithmetic_mean_rank": 0.9870986675714096,
      "inverse_geometric_mean_rank": 0.00016224948492024724,
      "adjusted_inverse_harmonic_mean_rank": -9.495656526423667e-05,
      "inverse_harmonic_mean_rank": 0.0005068569099047201,
      "z_arithmetic_mean_rank": 1.4303835542866494,
      "z_inverse_harmonic_mean_rank": -0.6216474754184289,
      "median_rank": 8438.0,
      "adjusted_arithmetic_mean_rank_index": 0.012902835929043177,
      "hits_at_1": 0.0,
      "hits_at_3": 0.000244081034903588,
      "hits_at_5": 0.000244081034903588,
      "hits_at_10": 0.000244081034903588,
      "z_hits_at_k": -0.8980747049189859,
      "adjusted_hits_at_k": -0.000338776962311204
    },
    "realistic": {
      "count": 4097.0,
      "z_geometric_mean_rank": 1.556746804848352,
      "harmonic_mean_rank": 1972.9434814453125,
      "inverse_arithmetic_mean_rank": 0.00011804777750512585,
      "adjusted_geometric_mean_rank_index": 0.024281052785860457,
      "standard_deviation": 5004.15185546875,
      "median_absolute_deviation": 6406.32421875,
      "geometric_mean_rank": 6163.3486328125,
      "variance": 25041538.0,
      "inverse_median_rank": 0.0001185114961117506,
      "arithmetic_mean_rank": 8471.146484375,
      "adjusted_arithmetic_mean_rank": 0.9870987001791395,
      "inverse_geometric_mean_rank": 0.00016224946011789143,
      "adjusted_inverse_harmonic_mean_rank": -9.495658897889516e-05,
      "inverse_harmonic_mean_rank": 0.0005068568862043321,
      "z_arithmetic_mean_rank": 1.4303799390352196,
      "z_inverse_harmonic_mean_rank": -0.6216476306700174,
      "median_rank": 8438.0,
      "adjusted_arithmetic_mean_rank_index": 0.012902803317513256,
      "hits_at_1": 0.0,
      "hits_at_3": 0.000244081034903588,
      "hits_at_5": 0.000244081034903588,
      "hits_at_10": 0.000244081034903588,
      "z_hits_at_k": -0.8980747049189859,
      "adjusted_hits_at_k": -0.000338776962311204
    },
    "pessimistic": {
      "count": 4097.0,
      "z_geometric_mean_rank": 1.5567492071154163,
      "harmonic_mean_rank": 1972.9435256858615,
      "inverse_arithmetic_mean_rank": 0.0001180477727839981,
      "adjusted_geometric_mean_rank_index": 0.02428109025474956,
      "standard_deviation": 5004.152121310749,
      "median_absolute_deviation": 6406.324186162706,
      "geometric_mean_rank": 6163.348396170219,
      "variance": 25041538.453218866,
      "inverse_median_rank": 0.00011851149561507466,
      "arithmetic_mean_rank": 8471.146692701977,
      "adjusted_arithmetic_mean_rank": 0.9870987244544001,
      "inverse_geometric_mean_rank": 0.0001622494682632869,
      "adjusted_inverse_harmonic_mean_rank": -9.4956595108523e-05,
      "inverse_harmonic_mean_rank": 0.0005068568800783927,
      "z_arithmetic_mean_rank": 1.4303772476129382,
      "z_inverse_harmonic_mean_rank": -0.6216476707985508,
      "median_rank": 8438.0,
      "adjusted_arithmetic_mean_rank_index": 0.012902779039423606,
      "hits_at_1": 0.0,
      "hits_at_3": 0.000244081034903588,
      "hits_at_5": 0.000244081034903588,
      "hits_at_10": 0.000244081034903588,
      "z_hits_at_k": -0.8980747049189859,
      "adjusted_hits_at_k": -0.000338776962311204
    }
  },
  "tail": {
    "optimistic": {
      "count": 4097.0,
      "z_geometric_mean_rank": 1.3500069204019738,
      "harmonic_mean_rank": 1803.3160596407834,
      "inverse_arithmetic_mean_rank": 0.00011791036923990435,
      "adjusted_geometric_mean_rank_index": 0.021056488528574224,
      "standard_deviation": 4990.827294265747,
      "median_absolute_deviation": 6375.1895395740885,
      "geometric_mean_rank": 6188.869960362441,
      "variance": 24908357.081187952,
      "inverse_median_rank": 0.00011810558639423645,
      "arithmetic_mean_rank": 8481.018306077618,
      "adjusted_arithmetic_mean_rank": 0.9874277120725314,
      "inverse_geometric_mean_rank": 0.00016158038646871758,
      "adjusted_inverse_harmonic_mean_rank": -4.6796471051161826e-05,
      "inverse_harmonic_mean_rank": 0.0005545339623932578,
      "z_arithmetic_mean_rank": 1.3939051107657576,
      "z_inverse_harmonic_mean_rank": -0.3064879767162014,
      "median_rank": 8467.0,
      "adjusted_arithmetic_mean_rank_index": 0.01257375186382459,
      "hits_at_1": 0.0,
      "hits_at_3": 0.000244081034903588,
      "hits_at_5": 0.000244081034903588,
      "hits_at_10": 0.000244081034903588,
      "z_hits_at_k": -0.8971579621139191,
      "adjusted_hits_at_k": -0.0003382896322636895
    },
    "realistic": {
      "count": 4097.0,
      "z_geometric_mean_rank": 1.3500053297251284,
      "harmonic_mean_rank": 1803.3162841796875,
      "inverse_arithmetic_mean_rank": 0.00011791036376962438,
      "adjusted_geometric_mean_rank_index": 0.02105646371827996,
      "standard_deviation": 4990.8271484375,
      "median_absolute_deviation": 6375.189453125,
      "geometric_mean_rank": 6188.8701171875,
      "variance": 24908354.0,
      "inverse_median_rank": 0.00011810558498837054,
      "arithmetic_mean_rank": 8481.0185546875,
      "adjusted_arithmetic_mean_rank": 0.9874277410176744,
      "inverse_geometric_mean_rank": 0.00016158037760760635,
      "adjusted_inverse_harmonic_mean_rank": -4.679652533342009e-05,
      "inverse_harmonic_mean_rank": 0.0005545339081436396,
      "z_arithmetic_mean_rank": 1.3939019015819554,
      "z_inverse_harmonic_mean_rank": -0.30648833223146044,
      "median_rank": 8467.0,
      "adjusted_arithmetic_mean_rank_index": 0.012573722915311225,
      "hits_at_1": 0.0,
      "hits_at_3": 0.000244081034903588,
      "hits_at_5": 0.000244081034903588,
      "hits_at_10": 0.000244081034903588,
      "z_hits_at_k": -0.8971579621139191,
      "adjusted_hits_at_k": -0.0003382896322636895
    },
    "pessimistic": {
      "count": 4097.0,
      "z_geometric_mean_rank": 1.3500023226901163,
      "harmonic_mean_rank": 1803.3161311130325,
      "inverse_arithmetic_mean_rank": 0.00011791036584648116,
      "adjusted_geometric_mean_rank_index": 0.02105641681659587,
      "standard_deviation": 4990.827042472674,
      "median_absolute_deviation": 6375.1895395740885,
      "geometric_mean_rank": 6188.870413651513,
      "variance": 24908354.56787654,
      "inverse_median_rank": 0.00011810558639423645,
      "arithmetic_mean_rank": 8481.018550158653,
      "adjusted_arithmetic_mean_rank": 0.98742774049039,
      "inverse_geometric_mean_rank": 0.00016158037463414704,
      "adjusted_inverse_harmonic_mean_rank": -4.67964930426668e-05,
      "inverse_harmonic_mean_rank": 0.0005545339404149763,
      "z_arithmetic_mean_rank": 1.3939019600426406,
      "z_inverse_harmonic_mean_rank": -0.3064881207469745,
      "median_rank": 8467.0,
      "adjusted_arithmetic_mean_rank_index": 0.012573723442657059,
      "hits_at_1": 0.0,
      "hits_at_3": 0.000244081034903588,
      "hits_at_5": 0.000244081034903588,
      "hits_at_10": 0.000244081034903588,
      "z_hits_at_k": -0.8971579621139191,
      "adjusted_hits_at_k": -0.0003382896322636895
    }
  },
  "both": {
    "optimistic": {
      "count": 8194.0,
      "z_geometric_mean_rank": 2.049937866360196,
      "harmonic_mean_rank": 1884.3199543160517,
      "inverse_arithmetic_mean_rank": 0.00011797903440279587,