{
  "losses": [
    8.162733846137495,
    7.447422057274251,
    6.726527570286613,
    6.136263346393749,
    5.580892946933494,
    5.001452766532796,
    4.522063605980186,
    4.234996242281992,
    3.7892114351347725,
    3.4667408345738275,
    3.1467650233539626,
    2.8913271482816465,
    2.659961669361545,
    2.4162210179674024,
    2.2223481720581595,
    2.0535018342014415,
    1.8753896418248632,
    1.7002638767143632,
    1.6028698949498426,
    1.4515311275010907,
    1.322951185332198,
    1.2323685448457296,
    1.1296165131525306,
    1.0668565477842487,
    0.9868714580102189,
    0.9154387154699763,
    0.8622479209176297,
    0.7980733446573933,
    0.7689426955313998,
    0.7068771610058235,
    0.6741204621842863,
    0.6574853970614852,
    0.6155907947584581,
    0.5978400745512447,
    0.5627007871750264,
    0.5261296445380621,
    0.5149831246831074,
    0.4962200776380324,
    0.4790905794049051,
    0.46002275563399614,
    0.43820441230145873,
    0.4238416515000831,
    0.40592504649310723,
    0.39426286559160584,
    0.3858462713571838,
    0.36197642521055756,
    0.35850657974931516,
    0.35534531684005305,
    0.32682891207446385,
    0.3222163707191842
  ],
  "metrics": {
    "both": {
      "optimistic": {
        "adjusted_arithmetic_mean_rank": 0.9872632905079753,
        "adjusted_arithmetic_mean_rank_index": 0.012738193107226348,
        "adjusted_geometric_mean_rank_index": 0.0226118714349961,
        "adjusted_hits_at_k": -0.0003385005591524275,
        "adjusted_inverse_harmonic_mean_rank": -7.085955255022698e-05,
        "arithmetic_mean_rank": 8476.558091286308,
        "count": 8194.0,
        "geometric_mean_rank": 6176.43505400818,
        "harmonic_mean_rank": 1884.3681072791317,
        "hits_at_1": 0.0,
        "hits_at_10": 0.000244081034903588,
        "hits_at_3": 0.000244081034903588,
        "hits_at_5": 0.000244081034903588,
        "inverse_arithmetic_mean_rank": 0.0001179724115886111,
        "inverse_geometric_mean_rank": 0.00016190569337421476,
        "inverse_harmonic_mean_rank": 0.0005306818748083757,
        "inverse_median_rank": 0.0001182662172550411,
        "median_absolute_deviation": 6402.617680616442,
        "median_rank": 8455.5,
        "standard_deviation": 4997.7791787607475,
        "variance": 24977796.71965445,
        "z_arithmetic_mean_rank": 1.9970577839813757,
        "z_geometric_mean_rank": 2.050041301209447,
        "z_hits_at_k": -1.2693342036762116,
        "z_inverse_harmonic_mean_rank": -0.6561986203029013
      },
      "pessimistic": {
        "adjusted_arithmetic_mean_rank": 0.9872633331500907,
        "adjusted_arithmetic_mean_rank_index": 0.012738150460143816,
        "adjusted_geometric_mean_rank_index": 0.022611785457212097,
        "adjusted_hits_at_k": -0.0003385005591524275,
        "adjusted_inverse_harmonic_mean_rank": -7.085957846812089e-05,
        "arithmetic_mean_rank": 8476.55845740786,
        "count": 8194.0,
        "geometric_mean_rank": 6176.435597241933,
        "harmonic_mean_rank": 1884.3681992541563,
        "hits_at_1": 0.0,
        "hits_at_10": 0.000244081034903588,
        "hits_at_3": 0.000244081034903588,
        "hits_at_5": 0.000244081034903588,
        "inverse_arithmetic_mean_rank": 0.00011797240649311831,
        "inverse_geometric_mean_rank": 0.00016190567913418327,
        "inverse_harmonic_mean_rank": 0.0005306818489060714,
        "inverse_median_rank": 0.0001182662172550411,
        "median_absolute_deviation": 6402.617680616442,
        "median_rank": 8455.5,
        "standard_deviation": 4997.779014612297,
        "variance": 24977795.07889906,
        "z_arithmetic_mean_rank": 1.9970510978927223,
        "z_geometric_mean_rank": 2.0500335062770887,
        "z_hits_at_k": -1.2693342036762116,
        "z_inverse_harmonic_mean_rank": -0.6561988603169233
      },
      "realistic": {
        "adjusted_arithmetic_mean_rank": 0.9872632352897672,
        "adjusted_arithmetic_mean_rank_index": 0.012738248331866542,
        "adjusted_geometric_mean_rank_index": 0.02261194798966981,
        "adjusted_hits_at_k": -0.0003385005591524275,
        "adjusted_inverse_harmonic_mean_rank": -7.08595634723488e-05,
        "arithmetic_mean_rank": 8476.5576171875,
        "count": 8194.0,
        "geometric_mean_rank": 6176.4345703125,
        "harmonic_mean_rank": 1884.3681640625,
        "hits_at_1": 0.0,
        "hits_at_10": 0.000244081034903588,
        "hits_at_3": 0.000244081034903588,
        "hits_at_5": 0.000244081034903588,
        "inverse_arithmetic_mean_rank": 0.00011797242041211575,
        "inverse_geometric_mean_rank": 0.00016190570022445172,
        "inverse_harmonic_mean_rank": 0.0005306818638928235,
        "inverse_median_rank": 0.00011826621630461887,
        "median_absolute_deviation": 6402.61767578125,
        "median_rank": 8455.5,
        "standard_deviation": 4997.779296875,
        "variance": 24977796.0,
        "z_arithmetic_mean_rank": 1.997066441943815,
        "z_geometric_mean_rank": 2.050048241822182,
        "z_hits_at_k": -1.2693342036762116,
        "z_inverse_harmonic_mean_rank": -0.6561987214477867
      }
    },
    "head": {
      "optimistic": {
        "adjusted_arithmetic_mean_rank": 0.9870980142278001,
        "adjusted_arithmetic_mean_rank_index": 0.0129034892194273,
        "adjusted_geometric_mean_rank_index": 0.024283151654359902,
        "adjusted_hits_at_k": -0.00033872675530456555,
        "adjusted_inverse_harmonic_mean_rank": -9.493210887274409e-05,
        "arithmetic_mean_rank": 8471.869416646326,
        "count": 4097.0,
        "geometric_mean_rank": 6163.865681803122,
        "harmonic_mean_rank": 1973.0304114626972,
        "hits_at_1": 0.0,
        "hits_at_10": 0.000244081034903588,
        "hits_at_3": 0.000244081034903588,
        "hits_at_5": 0.000244081034903588,
        "inverse_arithmetic_mean_rank": 0.00011803770228505953,
        "inverse_geometric_mean_rank": 0.00016223585191873762,
        "inverse_harmonic_mean_rank": 0.0005068345597666964,
        "inverse_median_rank": 0.00011851149561507466,
        "median_absolute_deviation": 6406.324186162706,
        "median_rank": 8438.0,
        "standard_deviation": 5004.5923931438,
        "variance": 25045945.02151279,
        "z_arithmetic_mean_rank": 1.4304560247728233,
        "z_geometric_mean_rank": 1.5568812165804289,
        "z_hits_at_k": -0.8979802860919451,
        "z_inverse_harmonic_mean_rank": -0.6215140676357018
      },
      "pessimistic": {
        "adjusted_arithmetic_mean_rank": 0.987098071105897,
        "adjusted_arithmetic_mean_rank_index": 0.01290343233470248,
        "adjusted_geometric_mean_rank_index": 0.024283051468427352,
        "adjusted_hits_at_k": -0.00033872675530456555,
        "adjusted_inverse_harmonic_mean_rank": -9.49321387170289e-05,
        "arithmetic_mean_rank": 8471.869904808396,
        "count": 4097.0,
        "geometric_mean_rank": 6163.866314601917,
        "harmonic_mean_rank": 1973.0305275720925,
        "hits_at_1": 0.0,
        "hits_at_10": 0.000244081034903588,
        "hits_at_3": 0.000244081034903588,
        "hits_at_5": 0.000244081034903588,
        "inverse_arithmetic_mean_rank": 0.00011803769548354702,
        "inverse_geometric_mean_rank": 0.0001622358352631766,
        "inverse_harmonic_mean_rank": 0.0005068345299403691,
        "inverse_median_rank": 0.00011851149561507466,
        "median_absolute_deviation": 6406.324186162706,
        "median_rank": 8438.0,
        "standard_deviation": 5004.592316634169,
        "variance": 25045944.255713757,
        "z_arithmetic_mean_rank": 1.430449718641512,
        "z_geometric_mean_rank": 1.5568747932957265,
        "z_hits_at_k": -0.8979802860919451,
        "z_inverse_harmonic_mean_rank": -0.6215142630242072
      },