{
  "head": {
    "optimistic": {
      "count": 4097.0,
      "adjusted_inverse_harmonic_mean_rank": -7.467193673358502e-05,
      "z_arithmetic_mean_rank": 9.542689481727294,
      "variance": 26570345.417889073,
      "z_geometric_mean_rank": 9.497935884759201,
      "inverse_arithmetic_mean_rank": 0.0001274986403671961,
      "inverse_median_rank": 0.00013802622498274673,
      "harmonic_mean_rank": 1897.0676439988663,
      "adjusted_arithmetic_mean_rank": 0.9139297925387747,
      "adjusted_geometric_mean_rank_index": 0.1481421910462969,
      "median_absolute_deviation": 6729.531469796927,
      "inverse_geometric_mean_rank": 0.0001858363426097894,
      "arithmetic_mean_rank": 7843.220893336587,
      "median_rank": 7245.0,
      "inverse_harmonic_mean_rank": 0.0005271293320316614,
      "standard_deviation": 5154.643093162617,
      "geometric_mean_rank": 5381.078781235778,
      "adjusted_arithmetic_mean_rank_index": 0.08608023794424713,
      "z_inverse_harmonic_mean_rank": -0.4888510955073553,
      "hits_at_1": 0.0,
      "hits_at_3": 0.0,
      "hits_at_5": 0.0,
      "hits_at_10": 0.0,
      "z_hits_at_k": -1.5454941673199207,
      "adjusted_hits_at_k": -0.0005830002965305183
    },
    "realistic": {
      "count": 4097.0,
      "adjusted_inverse_harmonic_mean_rank": -7.467228428840252e-05,
      "z_arithmetic_mean_rank": 9.542628856978595,
      "variance": 26570362.0,
      "z_geometric_mean_rank": 9.497843411066043,
      "inverse_arithmetic_mean_rank": 0.000127498569781892,
      "inverse_median_rank": 0.00013802622561343014,
      "harmonic_mean_rank": 1897.06884765625,
      "adjusted_arithmetic_mean_rank": 0.9139303393431853,
      "adjusted_geometric_mean_rank_index": 0.14814074870601535,
      "median_absolute_deviation": 6729.53173828125,
      "inverse_geometric_mean_rank": 0.00018583603377919644,
      "arithmetic_mean_rank": 7843.2255859375,
      "median_rank": 7245.0,
      "inverse_harmonic_mean_rank": 0.0005271289846859872,
      "standard_deviation": 5154.64453125,
      "geometric_mean_rank": 5381.087890625,
      "adjusted_arithmetic_mean_rank_index": 0.08607969107611269,
      "z_inverse_harmonic_mean_rank": -0.48885337082738456,
      "hits_at_1": 0.0,
      "hits_at_3": 0.0,
      "hits_at_5": 0.0,
      "hits_at_10": 0.0,
      "z_hits_at_k": -1.5454941673199207,
      "adjusted_hits_at_k": -0.0005830002965305183
    },
    "pessimistic": {
      "count": 4097.0,
      "adjusted_inverse_harmonic_mean_rank": -7.467259616651819e-05,
      "z_arithmetic_mean_rank": 9.542566501589931,
      "variance": 26570374.936414596,
      "z_geometric_mean_rank": 9.497843117083903,
      "inverse_arithmetic_mean_rank": 0.00012749848562483362,
      "inverse_median_rank": 0.00013802622498274673,
      "harmonic_mean_rank": 1897.070015784266,
      "adjusted_arithmetic_mean_rank": 0.9139309017570885,
      "adjusted_geometric_mean_rank_index": 0.14814074412068667,
      "median_absolute_deviation": 6729.531469796927,
      "inverse_geometric_mean_rank": 0.00018583602701611373,
      "arithmetic_mean_rank": 7843.230412496949,
      "median_rank": 7245.0,
      "inverse_harmonic_mean_rank": 0.0005271286729955462,
      "standard_deviation": 5154.645956456621,
      "geometric_mean_rank": 5381.087919584563,
      "adjusted_arithmetic_mean_rank_index": 0.08607912859666678,
      "z_inverse_harmonic_mean_rank": -0.4888554125845048,
      "hits_at_1": 0.0,
      "hits_at_3": 0.0,
      "hits_at_5": 0.0,
      "hits_at_10": 0.0,
      "z_hits_at_k": -1.5454941673199207,
      "adjusted_hits_at_k": -0.0005830002965305183
    }
  },
  "tail": {
    "optimistic": {
      "count": 4097.0,
      "adjusted_inverse_harmonic_mean_rank": -7.548564257327901e-05,
      "z_arithmetic_mean_rank": 0.02323028150864559,
      "variance": 27154998.188103966,
      "z_geometric_mean_rank": 2.7129631908027108,
      "inverse_arithmetic_mean_rank": 0.0001164523657950438,
      "inverse_median_rank": 0.00011522064754003918,
      "harmonic_mean_rank": 1901.6394427312528,
      "adjusted_arithmetic_mean_rank": 0.9997904751295427,
      "adjusted_geometric_mean_rank_index": 0.04231495219933523,
      "median_absolute_deviation": 7045.32574233862,
      "inverse_geometric_mean_rank": 0.00016516651684079004,
      "arithmetic_mean_rank": 8587.2020990969,
      "median_rank": 8679.0,
      "inverse_harmonic_mean_rank": 0.0005258620417358076,
      "standard_deviation": 5211.045786414083,
      "geometric_mean_rank": 6054.495905873804,
      "adjusted_arithmetic_mean_rank_index": 0.00020954926785232697,
      "z_inverse_harmonic_mean_rank": -0.49438432735906623,
      "hits_at_1": 0.0,
      "hits_at_3": 0.0,
      "hits_at_5": 0.0,
      "hits_at_10": 0.000732243104710764,
      "z_hits_at_k": 0.39822197975115503,
      "adjusted_hits_at_k": 0.00015015679822081424
    },
    "realistic": {
      "count": 4097.0,
      "adjusted_inverse_harmonic_mean_rank": -7.548576405891328e-05,
      "z_arithmetic_mean_rank": 0.02317922071758005,
      "variance": 27155014.0,
      "z_geometric_mean_rank": 2.712857279785041,
      "inverse_arithmetic_mean_rank": 0.00011645231279544532,
      "inverse_median_rank": 0.00011522064596647397,
      "harmonic_mean_rank": 1901.639892578125,
      "adjusted_arithmetic_mean_rank": 0.9997909356709112,
      "adjusted_geometric_mean_rank_index": 0.04231330027141189,
      "median_absolute_deviation": 7045.32568359375,
      "inverse_geometric_mean_rank": 0.00016516623145435005,
      "arithmetic_mean_rank": 8587.2060546875,
      "median_rank": 8679.0,
      "inverse_harmonic_mean_rank": 0.0005258619203232229,
      "standard_deviation": 5211.04736328125,
      "geometric_mean_rank": 6054.50634765625,
      "adjusted_arithmetic_mean_rank_index": 0.0002090886728577379,
      "z_inverse_harmonic_mean_rank": -0.494385123014923,
      "hits_at_1": 0.0,
      "hits_at_3": 0.0,
      "hits_at_5": 0.0,
      "hits_at_10": 0.000732243104710764,
      "z_hits_at_k": 0.39822197975115503,
      "adjusted_hits_at_k": 0.00015015679822081424
    },
    "pessimistic": {
      "count": 4097.0,
      "adjusted_inverse_harmonic_mean_rank": -7.548584806347722e-05,
      "z_arithmetic_mean_rank": 0.023120006199704335,
      "variance": 27155027.135273617,
      "z_geometric_mean_rank": 2.7128969185553515,
      "inverse_arithmetic_mean_rank": 0.00011645224994444572,
      "inverse_median_rank": 0.00011522064754003918,
      "harmonic_mean_rank": 1901.6401853850628,
      "adjusted_arithmetic_mean_rank": 0.999791469754589,
      "adjusted_geometric_mean_rank_index": 0.04231391852995536,
      "median_absolute_deviation": 7045.32574233862,
      "inverse_geometric_mean_rank": 0.0001651663385993225,
      "arithmetic_mean_rank": 8587.210641933121,
      "median_rank": 8679.0,
      "inverse_harmonic_mean_rank": 0.000525861836369171,
      "standard_deviation": 5211.048563895141,
      "geometric_mean_rank": 6054.502439664191,
      "adjusted_arithmetic_mean_rank_index": 0.0002085545269904232,
      "z_inverse_harmonic_mean_rank": -0.4943856731929226,
      "hits_at_1": 0.0,
      "hits_at_3": 0.0,
      "hits_at_5": 0.0,
      "hits_at_10": 0.000732243104710764,
      "z_hits_at_k": 0.39822197975115503,
      "adjusted_hits_at_k": 0.00015015679822081424
    }
  },
  "both": {
    "optimistic": {
      "count": 8194.0,
      "adjusted_inverse_harmonic_mean_rank": -7.507878974585109e-05,
      "z_arithmetic_mean_rank": 6.761335280503403,
      "variance": 27001048.811627664,
      "z_geometric_mean_rank": 8.76902299581775,
      "inverse_arithmetic_mean_rank": 0.00012172541150772788,
      "inverse_median_rank": 0.00012490632025980515,
      "harmonic_mean_rank": 1899.3507922522238,
      "adjusted_arithmetic_mean_rank": 0.9568779802247608,