{
  "accuracy": 0.5534883720930233,
  "precision": 0.5815602836879432,
  "recall": 0.3813953488372093,
  "f1": 0.4606741573033708,
  "roc_auc": 0.577934018388318
}