{
  "head": {
    "optimistic": {
      "count": 4097.0,
      "adjusted_inverse_harmonic_mean_rank": -3.7147458740172654e-05,
      "z_arithmetic_mean_rank": 1.7093466525319911,
      "variance": 24888290.977446184,
      "z_geometric_mean_rank": 1.8867109352045475,
      "inverse_arithmetic_mean_rank": 0.00011834945123638634,
      "inverse_median_rank": 0.00011784115012962527,
      "harmonic_mean_rank": 1771.0674646966454,
      "adjusted_arithmetic_mean_rank": 0.9845825622547713,
      "adjusted_geometric_mean_rank_index": 0.029427603555495563,
      "median_absolute_deviation": 6378.1547440111,
      "inverse_geometric_mean_rank": 0.0001631096646276568,
      "arithmetic_mean_rank": 8449.553331706127,
      "median_rank": 8486.0,
      "inverse_harmonic_mean_rank": 0.0005646312294327441,
      "standard_deviation": 4988.816590880665,
      "geometric_mean_rank": 6130.844559596014,
      "adjusted_arithmetic_mean_rank_index": 0.015419234468532994,
      "z_inverse_harmonic_mean_rank": -0.24319144105284884,
      "hits_at_1": 0.0,
      "hits_at_3": 0.000244081034903588,
      "hits_at_5": 0.000244081034903588,
      "hits_at_10": 0.000244081034903588,
      "z_hits_at_k": -0.8980747049189859,
      "adjusted_hits_at_k": -0.000338776962311204
    },
    "realistic": {
      "count": 4097.0,
      "adjusted_inverse_harmonic_mean_rank": -3.71474388710007e-05,
      "z_arithmetic_mean_rank": 1.7093417531580428,
      "variance": 24888292.0,
      "z_geometric_mean_rank": 1.886734024112009,
      "inverse_arithmetic_mean_rank": 0.00011834944598376751,
      "inverse_median_rank": 0.00011784114758484066,
      "harmonic_mean_rank": 1771.0673828125,
      "adjusted_arithmetic_mean_rank": 0.9845826064446334,
      "adjusted_geometric_mean_rank_index": 0.02942796368019862,
      "median_absolute_deviation": 6378.15478515625,
      "inverse_geometric_mean_rank": 0.0001631097256904468,
      "arithmetic_mean_rank": 8449.5537109375,
      "median_rank": 8486.0,
      "inverse_harmonic_mean_rank": 0.0005646312492899597,
      "standard_deviation": 4988.81689453125,
      "geometric_mean_rank": 6130.84228515625,
      "adjusted_arithmetic_mean_rank_index": 0.01541919027352101,
      "z_inverse_harmonic_mean_rank": -0.24319131097631796,
      "hits_at_1": 0.0,
      "hits_at_3": 0.000244081034903588,
      "hits_at_5": 0.000244081034903588,
      "hits_at_10": 0.000244081034903588,
      "z_hits_at_k": -0.8980747049189859,
      "adjusted_hits_at_k": -0.000338776962311204
    },
    "pessimistic": {
      "count": 4097.0,
      "adjusted_inverse_harmonic_mean_rank": -3.7147458740172654e-05,
      "z_arithmetic_mean_rank": 1.7093466525319911,
      "variance": 24888290.977446184,
      "z_geometric_mean_rank": 1.8867109352045475,
      "inverse_arithmetic_mean_rank": 0.00011834945123638634,
      "inverse_median_rank": 0.00011784115012962527,
      "harmonic_mean_rank": 1771.0674646966454,
      "adjusted_arithmetic_mean_rank": 0.9845825622547713,
      "adjusted_geometric_mean_rank_index": 0.029427603555495563,
      "median_absolute_deviation": 6378.1547440111,
      "inverse_geometric_mean_rank": 0.0001631096646276568,
      "arithmetic_mean_rank": 8449.553331706127,
      "median_rank": 8486.0,
      "inverse_harmonic_mean_rank": 0.0005646312294327441,
      "standard_deviation": 4988.816590880665,
      "geometric_mean_rank": 6130.844559596014,
      "adjusted_arithmetic_mean_rank_index": 0.015419234468532994,
      "z_inverse_harmonic_mean_rank": -0.24319144105284884,
      "hits_at_1": 0.0,
      "hits_at_3": 0.000244081034903588,
      "hits_at_5": 0.000244081034903588,
      "hits_at_10": 0.000244081034903588,
      "z_hits_at_k": -0.8980747049189859,
      "adjusted_hits_at_k": -0.000338776962311204
    }
  },
  "tail": {
    "optimistic": {
      "count": 4097.0,
      "adjusted_inverse_harmonic_mean_rank": -6.002211715863985e-05,
      "z_arithmetic_mean_rank": 1.6173795996909064,
      "variance": 24955987.658329565,
      "z_geometric_mean_rank": 1.82768595701274,
      "inverse_arithmetic_mean_rank": 0.00011815155028561127,
      "inverse_median_rank": 0.0001180080245456691,
      "harmonic_mean_rank": 1847.3488743232897,
      "adjusted_arithmetic_mean_rank": 0.9854120902073764,
      "adjusted_geometric_mean_rank_index": 0.02850700082057045,
      "median_absolute_deviation": 6428.56321944029,
      "inverse_geometric_mean_rank": 0.00016281936672423055,
      "arithmetic_mean_rank": 8463.706126433975,
      "median_rank": 8474.0,
      "inverse_harmonic_mean_rank": 0.000541316268897132,
      "standard_deviation": 4995.596827039744,
      "geometric_mean_rank": 6141.775515523986,
      "adjusted_arithmetic_mean_rank_index": 0.01458960843105983,
      "z_inverse_harmonic_mean_rank": -0.3931077885352132,
      "hits_at_1": 0.0,
      "hits_at_3": 0.0,
      "hits_at_5": 0.0,
      "hits_at_10": 0.000732243104710764,
      "z_hits_at_k": 0.39822197975115503,
      "adjusted_hits_at_k": 0.00015015679822081424
    },
    "realistic": {
      "count": 4097.0,
      "adjusted_inverse_harmonic_mean_rank": -6.002215716109421e-05,
      "z_arithmetic_mean_rank": 1.617367919861863,
      "variance": 24955988.0,
      "z_geometric_mean_rank": 1.827642650125192,
      "inverse_arithmetic_mean_rank": 0.00011815153993666172,
      "inverse_median_rank": 0.00011800802167272195,
      "harmonic_mean_rank": 1847.3489990234375,
      "adjusted_arithmetic_mean_rank": 0.9854121955532659,
      "adjusted_geometric_mean_rank_index": 0.028506325349232475,
      "median_absolute_deviation": 6428.5634765625,
      "inverse_geometric_mean_rank": 0.00016281925491057336,
      "arithmetic_mean_rank": 8463.70703125,
      "median_rank": 8474.0,
      "inverse_harmonic_mean_rank": 0.0005413162289187312,
      "standard_deviation": 4995.5966796875,
      "geometric_mean_rank": 6141.77978515625,
      "adjusted_arithmetic_mean_rank_index": 0.014589503072903742,
      "z_inverse_harmonic_mean_rank": -0.3931080505265774,
      "hits_at_1": 0.0,
      "hits_at_3": 0.0,
      "hits_at_5": 0.0,
      "hits_at_10": 0.000732243104710764,
      "z_hits_at_k": 0.39822197975115503,
      "adjusted_hits_at_k": 0.00015015679822081424
    },
    "pessimistic": {
      "count": 4097.0,
      "adjusted_inverse_harmonic_mean_rank": -6.002219109667577e-05,
      "z_arithmetic_mean_rank": 1.6173701475215694,
      "variance": 24955989.023904633,
      "z_geometric_mean_rank": 1.8276754032261167,
      "inverse_arithmetic_mean_rank": 0.00011815154006365303,
      "inverse_median_rank": 0.0001180080245456691,
      "harmonic_mean_rank": 1847.3491264997758,
      "adjusted_arithmetic_mean_rank": 0.9854121754609517,
      "adjusted_geometric_mean_rank_index": 0.02850683620979433,
      "median_absolute_deviation": 6428.56321944029,
      "inverse_geometric_mean_rank": 0.00016281933914044565,
      "arithmetic_mean_rank": 8463.70685867708,
      "median_rank": 8474.0,
      "inverse_harmonic_mean_rank": 0.0005413161950035552,
      "standard_deviation": 4995.596963717613,
      "geometric_mean_rank": 6141.776556023325,
      "adjusted_arithmetic_mean_rank_index": 0.01458952316755735,
      "z_inverse_harmonic_mean_rank": -0.3931082727836728,
      "hits_at_1": 0.0,
      "hits_at_3": 0.0,
      "hits_at_5": 0.0,
      "hits_at_10": 0.000732243104710764,
      "z_hits_at_k": 0.39822197975115503,
      "adjusted_hits_at_k": 0.00015015679822081424
    }
  },
  "both": {
    "optimistic": {
      "count": 8194.0,
      "adjusted_inverse_harmonic_mean_rank": -4.858479054747043e-05,
      "z_arithmetic_mean_rank": 2.3523235274345495,
      "variance": 24922189.393287532,
      "z_geometric_mean_rank": 2.6208942423497206,
      "inverse_arithmetic_mean_rank": 0.00011825041796053271,